onset	duration	trial_type	sample	trial_index	time_zero_onset	time_zero_sample	choice	rt	outcome	reward_trial	punish_trial	trial_type_trial	p_approach_trial	conflict_trial	value_trial	source_trigger1	source_trigger2	source_trigger3	source_trigger4	source_trigger5
0.000	12.000	trig5	0	1	4.999	4999	2	n/a	-1	0	2	10	0	0	-0.41555519663940427	n/a	n/a	n/a	0	0
12.000	12.000	trig5	12000	2	16.999	16999	1	2667	-2	7	2	8	1	0	0.033334104478417614	566887	567554	569554	571291	566241
24.000	12.000	trig5	24000	3	28.999	28999	0	3933	0	7	4	9	0.15	0.6098403047164004	-0.008814288004206416	573870	574536	577803	573330	573290
36.000	12.000	trig5	36000	4	40.999	40999	0	2250	0	0	2	10	0	0	-0.41555519663940427	578742	579408	580992	578052	578012
48.000	12.000	trig5	48000	5	52.999	52999	0	2117	0	4	4	6	0.1	0.4689955935892812	-0.017320213492450554	582182	582849	584299	581226	581186
60.000	12.000	trig5	60000	6	64.999	64999	1	3300	0	2	2	2	0.9	0.46899559358928117	0.014515748396903283	585330	585996	588630	590373	591833
72.000	12.000	trig5	72000	7	76.999	76999	1	1883	-2	2	2	2	0.9	0.46899559358928117	0.014515748396903283	594477	595144	596360	598107	593864
84.000	12.000	trig5	84000	8	88.999	88999	1	1250	4	4	0	4	1	0	0.44038337562957774	601225	601892	602475	604235	605698
96.000	12.000	trig5	96000	9	100.999	100999	1	1000	4	4	2	5	1	0	0.024828178990173477	608500	609167	609500	611260	612793
108.000	12.000	trig5	108000	10	112.999	112999	0	4067	0	7	4	9	0.15	0.6098403047164004	-0.008814288004206416	615437	616104	619504	614764	614724
120.000	12.000	trig5	120000	11	124.999	124999	1	1650	-2	4	2	5	1	0	0.024828178990173477	620265	620932	621915	623666	619702
132.000	12.000	trig5	132000	12	136.999	136999	0	2034	0	4	4	6	0.1	0.4689955935892812	-0.017320213492450554	626150	626817	628184	625694	625654
144.000	12.000	trig5	144000	13	148.999	148999	1	1017	7	7	0	7	1	0	0.4488893011178219	629536	630220	630553	632297	633767
156.000	12.000	trig5	156000	14	160.999	160999	1	1184	0	4	0	4	1	0	0.44038337562957774	636823	637490	638007	639767	641227
168.000	12.000	trig5	168000	15	172.999	172999	0	2950	0	7	4	9	0.15	0.6098403047164004	-0.008814288004206416	644083	644749	647033	643243	643203
180.000	12.000	trig5	180000	16	184.999	184999	0	2517	0	0	2	10	0	0	-0.41555519663940427	648489	649156	651006	647283	647243
192.000	12.000	trig5	192000	17	196.999	196999	1	2483	0	4	2	5	1	0	0.024828178990173477	651735	652401	654218	655962	657422
204.000	12.000	trig5	204000	18	208.999	208999	0	2484	0	7	4	9	0.15	0.6098403047164004	-0.008814288004206416	660477	661144	662961	659471	659431
216.000	12.000	trig5	216000	19	220.999	220999	1	1600	7	7	2	8	1	0	0.033334104478417614	663951	664617	665551	667294	668752
228.000	12.000	trig5	228000	20	232.999	232999	1	733	-2	2	2	2	0.9	0.46899559358928117	0.014515748396903283	671483	672149	672216	673970	670753
240.000	12.000	trig5	240000	21	244.999	244999	1	1350	7	7	2	8	1	0	0.033334104478417614	677110	677776	678460	680220	681660
252.000	12.000	trig5	252000	22	256.999	256999	1	1534	0	7	0	7	1	0	0.4488893011178219	684655	685322	686189	687932	689409
264.000	12.000	trig5	264000	23	268.999	268999	1	1017	0	2	0	1	1	0	0.43007094503630755	692015	692682	693032	694792	696252
276.000	12.000	trig5	276000	24	280.999	280999	1	1317	0	7	2	8	1	0	0.033334104478417614	699076	699743	700393	702136	703596
288.000	12.000	trig5	288000	25	292.999	292999	1	1350	2	2	0	1	1	0	0.43007094503630755	706950	707617	708300	710044	711503
300.000	12.000	trig5	300000	26	304.999	304999	1	1717	2	2	0	1	1	0	0.43007094503630755	714101	714768	715818	717562	719016
312.000	12.000	trig5	312000	27	316.999	316999	0	2200	0	2	4	3	0	0	-0.027632644085720748	721499	722165	723699	721059	721019
324.000	12.000	trig5	324000	28	328.999	328999	0	2283	0	0	4	11	0	0	-0.4577035891220283	724978	725644	727261	723938	723898
336.000	12.000	trig5	336000	29	340.999	340999	0	1767	0	2	4	3	0	0	-0.027632644085720748	728292	728959	730059	727519	727479
348.000	12.000	trig5	348000	30	352.999	352999	0	1050	0	0	2	10	0	0	-0.41555519663940427	731507	732174	732557	730301	730261
360.000	12.000	trig5	360000	31	364.999	364999	1	1534	-2	4	2	5	1	0	0.024828178990173477	733994	734661	735528	737289	732748
372.000	12.000	trig5	372000	32	376.999	376999	0	2716	0	4	4	6	0.1	0.4689955935892812	-0.017320213492450554	740352	741002	743068	739312	739272
384.000	12.000	trig5	384000	33	388.999	388999	0	1467	0	2	4	3	0	0	-0.027632644085720748	743876	744543	745343	743320	743280
396.000	12.000	trig5	396000	34	400.999	400999	0	1533	0	4	4	6	0.1	0.4689955935892812	-0.017320213492450554	746366	747032	747899	745576	745536
408.000	12.000	trig5	408000	35	412.999	412999	1	900	7	7	0	7	1	0	0.4488893011178219	748891	749557	749791	751551	753031
420.000	12.000	trig5	420000	36	424.999	424999	1	1717	2	2	2	2	0.9	0.46899559358928117	0.014515748396903283	756052	756719	757769	759513	760975
432.000	12.000	trig5	432000	37	436.999	436999	0	1700	0	2	4	3	0	0	-0.027632644085720748	763672	764339	765372	763016	762976
444.000	12.000	trig5	444000	38	448.999	448999	1	1166	4	4	0	4	1	0	0.44038337562957774	766293	766959	767459	769220	770682
456.000	12.000	trig5	456000	39	460.999	460999	0	1200	0	0	4	11	0	0	-0.4577035891220283	773405	774072	774605	772732	772692
468.000	12.000	trig5	468000	40	472.999	472999	0	1167	0	0	4	11	0	0	-0.4577035891220283	776059	776726	777226	774853	774813
480.000	12.000	trig5	480000	41	484.999	484999	1	2116	-2	7	2	8	1	0	0.033334104478417614	778053	778703	780169	781924	777423
492.000	12.000	trig5	492000	42	496.999	496999	1	1250	2	2	0	1	1	0	0.43007094503630755	784495	785162	785745	787506	788964
504.000	12.000	trig5	504000	43	508.999	508999	0	1917	0	2	4	3	0	0	-0.027632644085720748	791430	792097	793347	791007	790967
516.000	12.000	trig5	516000	44	520.999	520999	1	1350	2	2	2	2	0.9	0.46899559358928117	0.014515748396903283	794661	795327	796011	797754	799055
528.000	12.000	trig5	528000	45	532.999	532999	0	1567	0	7	4	9	0.15	0.6098403047164004	-0.008814288004206416	802027	802694	803594	801071	801031
540.000	12.000	trig5	540000	46	544.999	544999	1	1366	0	2	0	1	1	0	0.43007094503630755	804692	805358	806058	807802	809262
552.000	12.000	trig5	552000	47	556.999	556999	1	1084	7	7	0	7	1	0	0.4488893011178219	811952	812619	813036	814796	816248
564.000	12.000	trig5	564000	48	568.999	568999	1	867	4	4	0	4	1	0	0.44038337562957774	818860	819527	819727	821472	822927
576.000	12.000	trig5	576000	49	580.999	580999	1	834	4	4	4	6	0.1	0.4689955935892812	-0.017320213492450554	825935	826602	826769	828512	830027
588.000	12.000	trig5	588000	50	592.999	592999	1	1100	0	7	0	7	1	0	0.4488893011178219	832794	833444	833894	835637	837114
600.000	12.000	trig5	600000	51	604.999	604999	0	1683	0	0	4	11	0	0	-0.4577035891220283	840038	840705	841721	839165	839125
612.000	12.000	trig5	612000	52	616.999	616999	1	1866	0	4	0	4	1	0	0.44038337562957774	843009	843659	844875	846619	848096
624.000	12.000	trig5	624000	53	628.999	628999	0	933	0	0	2	10	0	0	-0.41555519663940427	851073	851739	852006	850133	850093
636.000	12.000	trig5	636000	54	640.999	640999	1	1900	4	4	2	5	1	0	0.024828178990173477	853457	854124	855357	857118	858578
648.000	12.000	trig5	648000	55	652.999	652999	0	1133	0	0	4	11	0	0	-0.4577035891220283	861186	861853	862319	860613	860573
660.000	12.000	trig5	660000	56	664.999	664999	0	3500	0	4	4	6	0.1	0.4689955935892812	-0.017320213492450554	863688	864338	867188	862565	862525
672.000	12.000	trig5	672000	57	676.999	676999	0	2783	0	7	4	9	0.15	0.6098403047164004	-0.008814288004206416	868320	868986	871103	867430	867390
684.000	12.000	trig5	684000	58	688.999	688999	1	2516	2	2	2	2	0.9	0.46899559358928117	0.014515748396903283	872235	872901	874751	876495	877967
696.000	12.000	trig5	696000	59	700.999	700999	0	1700	0	0	4	11	0	0	-0.4577035891220283	880734	881401	882434	880011	879971
708.000	12.000	trig5	708000	60	712.999	712999	0	1017	0	0	2	10	0	0	-0.41555519663940427	883298	883948	884315	882675	882635
720.000	12.000	trig5	720000	61	724.999	724999	1	1150	7	7	0	7	1	0	0.4488893011178219	885213	885880	886363	888124	889593
732.000	12.000	trig5	732000	62	736.999	736999	1	1266	-2	2	2	2	0.9	0.46899559358928117	0.014515748396903283	892351	893017	893617	895374	891571
744.000	12.000	trig5	744000	63	748.999	748999	0	767	0	0	2	10	0	0	-0.41555519663940427	898210	898877	898977	897387	897347
756.000	12.000	trig5	756000	64	760.999	760999	0	2400	0	4	4	6	0.1	0.4689955935892812	-0.017320213492450554	900133	900799	902533	899293	899253
768.000	12.000	trig5	768000	65	772.999	772999	0	2716	0	4	4	6	0.1	0.4689955935892812	-0.017320213492450554	903625	904291	906341	902785	902745
780.000	12.000	trig5	780000	66	784.999	784999	0	1018	0	0	4	11	0	0	-0.4577035891220283	907227	907894	908245	906571	906531
792.000	12.000	trig5	792000	67	796.999	796999	0	2250	0	2	4	3	0	0	-0.027632644085720748	909455	910122	911705	908500	908460
804.000	12.000	trig5	804000	68	808.999	808999	1	1283	0	7	2	8	1	0	0.033334104478417614	912785	913451	914068	915828	917288
816.000	12.000	trig5	816000	69	820.999	820999	1	1083	0	4	2	5	1	0	0.024828178990173477	919906	920573	920989	922750	924193
828.000	12.000	trig5	828000	70	832.999	832999	1	1116	-2	7	2	8	1	0	0.033334104478417614	927115	927781	928231	930002	926185
840.000	12.000	trig5	840000	71	844.999	844999	0	1367	0	2	4	3	0	0	-0.027632644085720748	932580	933247	933947	932007	931967
852.000	12.000	trig5	852000	72	856.999	856999	1	2250	0	2	2	2	0.9	0.46899559358928117	0.014515748396903283	935647	936314	937897	939657	941101
864.000	12.000	trig5	864000	73	868.999	868999	1	1250	0	7	0	7	1	0	0.4488893011178219	944731	945398	945981	947725	949185
876.000	12.000	trig5	876000	74	880.999	880999	1	1383	-2	2	2	2	0.9	0.46899559358928117	0.014515748396903283	952010	952660	953393	955143	951197
888.000	12.000	trig5	888000	75	892.999	892999	0	1800	0	2	4	3	0	0	-0.027632644085720748	958181	958848	959981	957175	957135
900.000	12.000	trig5	900000	76	904.999	904999	0	1650	0	2	4	3	0	0	-0.027632644085720748	960849	961516	962499	960226	960186
912.000	12.000	trig5	912000	77	916.999	916999	1	1083	4	4	0	4	1	0	0.44038337562957774	963586	964252	964669	966413	967867
924.000	12.000	trig5	924000	78	928.999	928999	0	1467	0	0	2	10	0	0	-0.41555519663940427	970873	971540	972340	969917	969877
936.000	12.000	trig5	936000	79	940.999	940999	0	1783	0	4	4	6	0.1	0.4689955935892812	-0.017320213492450554	973409	974075	975192	972569	972529
948.000	12.000	trig5	948000	80	952.999	952999	0	817	0	0	4	11	0	0	-0.4577035891220283	976215	976882	977032	975442	975402
960.000	12.000	trig5	960000	81	964.999	964999	0	3383	0	7	4	9	0.15	0.6098403047164004	-0.008814288004206416	977806	978473	981189	977283	977243
972.000	12.000	trig5	972000	82	976.999	976999	1	1100	-2	7	2	8	1	0	0.033334104478417614	982271	982937	983371	985095	981391
984.000	12.000	trig5	984000	83	988.999	988999	0	950	0	0	4	11	0	0	-0.4577035891220283	987867	988533	988817	987127	987087
996.000	12.000	trig5	996000	84	1000.999	1000999	1	950	4	4	0	4	1	0	0.44038337562957774	989640	990307	990590	992334	993810
1008.000	12.000	trig5	1008000	85	1012.999	1012999	0	1767	0	7	4	9	0.15	0.6098403047164004	-0.008814288004206416	996617	997284	998384	995844	995804
1020.000	12.000	trig5	1020000	86	1024.999	1024999	1	900	7	7	0	7	1	0	0.4488893011178219	999841	1000508	1000741	1002502	1003976
1032.000	12.000	trig5	1032000	87	1036.999	1036999	0	1367	0	2	4	3	0	0	-0.027632644085720748	1006585	1007252	1007952	1005979	1005939
1044.000	12.000	trig5	1044000	88	1048.999	1048999	1	1166	-2	4	2	5	1	0	0.024828178990173477	1009236	1009902	1010402	1012156	1008156
1056.000	12.000	trig5	1056000	89	1060.999	1060999	1	1050	2	2	0	1	1	0	0.43007094503630755	1015127	1015793	1016177	1017920	1019408
1068.000	12.000	trig5	1068000	90	1072.999	1072999	1	1150	0	4	0	4	1	0	0.44038337562957774	1022633	1023299	1023783	1025543	1027003
1080.000	12.000	trig5	1080000	91	1084.999	1084999	0	2183	0	4	4	6	0.1	0.4689955935892812	-0.017320213492450554	1029864	1030531	1032047	1029041	1029001
1092.000	12.000	trig5	1092000	92	1096.999	1096999	1	1150	4	4	2	5	1	0	0.024828178990173477	1033186	1033852	1034336	1036096	1037541
1104.000	12.000	trig5	1104000	93	1108.999	1108999	1	1433	2	2	0	1	1	0	0.43007094503630755	1040235	1040901	1041668	1043412	1044858
1116.000	12.000	trig5	1116000	94	1120.999	1120999	1	1683	7	7	2	8	1	0	0.033334104478417614	1047932	1048599	1049615	1051376	1052897
1128.000	12.000	trig5	1128000	95	1132.999	1132999	1	1783	-2	4	2	5	1	0	0.024828178990173477	1055522	1056188	1057305	1059036	1054842
1140.000	12.000	trig5	1140000	96	1144.999	1144999	0	2050	0	0	2	10	0	0	-0.41555519663940427	1062013	1062679	1064063	1061073	1061033
1152.000	12.000	trig5	1152000	97	1156.999	1156999	1	1150	4	4	2	5	1	0	0.024828178990173477	1065045	1065711	1066195	1067938	1069398
1164.000	12.000	trig5	1164000	98	1168.999	1168999	0	1834	0	7	4	9	0.15	0.6098403047164004	-0.008814288004206416	1072403	1073070	1074237	1071447	1071407
1176.000	12.000	trig5	1176000	99	1180.999	1180999	1	1017	2	2	0	1	1	0	0.43007094503630755	1075599	1076266	1076616	1078359	1079845
1188.000	12.000	trig5	1188000	100	1192.999	1192999	0	1716	0	7	4	9	0.15	0.6098403047164004	-0.008814288004206416	1082605	1083271	1084321	1081865	1081825
1200.000	12.000	trig5	1200000	101	1204.999	1204999	1	1650	0	2	0	1	1	0	0.43007094503630755	1085241	1085907	1086891	1088651	1090111
1212.000	12.000	trig5	1212000	102	1216.999	1216999	0	3033	0	0	4	11	0	0	-0.4577035891220283	1092888	1093555	1095921	1092165	1092125
1224.000	12.000	trig5	1224000	103	1228.999	1228999	1	1150	4	4	0	4	1	0	0.44038337562957774	1096993	1097659	1098143	1099903	1101370
1236.000	12.000	trig5	1236000	104	1240.999	1240999	1	1317	2	2	0	1	1	0	0.43007094503630755	1103973	1104640	1105290	1107033	1108495
1248.000	12.000	trig5	1248000	105	1252.999	1252999	1	933	7	7	0	7	1	0	0.4488893011178219	1111571	1112238	1112504	1114248	1115706
1260.000	12.000	trig5	1260000	106	1264.999	1264999	1	916	7	7	2	8	1	0	0.033334104478417614	1118490	1119156	1119406	1121167	1122618
1272.000	12.000	trig5	1272000	107	1276.999	1276999	1	2300	2	2	2	2	0.9	0.46899559358928117	0.014515748396903283	1125604	1126270	1127904	1129647	1131111
1284.000	12.000	trig5	1284000	108	1288.999	1288999	1	1150	7	7	0	7	1	0	0.4488893011178219	1133538	1134205	1134688	1136432	1137895
1296.000	12.000	trig5	1296000	109	1300.999	1300999	1	1683	4	4	0	4	1	0	0.44038337562957774	1140614	1141280	1142297	1144057	1145508
1308.000	12.000	trig5	1308000	110	1312.999	1312999	0	1967	0	0	2	10	0	0	-0.41555519663940427	1148315	1148999	1150282	1147559	1147519
1320.000	12.000	trig5	1320000	111	1324.999	1324999	1	1000	7	7	2	8	1	0	0.033334104478417614	1151108	1151774	1152108	1153851	1155386
1332.000	12.000	trig5	1332000	112	1336.999	1336999	0	1400	0	7	4	9	0.15	0.6098403047164004	-0.008814288004206416	1158131	1158798	1159531	1157358	1157318
1344.000	12.000	trig5	1344000	113	1348.999	1348999	1	1100	4	4	2	5	1	0	0.024828178990173477	1160518	1161184	1161618	1163361	1164815
1356.000	12.000	trig5	1356000	114	1360.999	1360999	0	1450	0	2	2	2	0.9	0.46899559358928117	0.014515748396903283	1167812	1168479	1169262	1166856	1166816
1368.000	12.000	trig5	1368000	115	1372.999	1372999	0	1100	0	2	4	3	0	0	-0.027632644085720748	1169998	1170664	1171098	1169508	1169468
1380.000	12.000	trig5	1380000	116	1384.999	1384999	0	700	0	0	4	11	0	0	-0.4577035891220283	1172555	1173222	1173255	1171349	1171309
1392.000	12.000	trig5	1392000	117	1396.999	1396999	0	1516	0	2	4	3	0	0	-0.027632644085720748	1174376	1175042	1175892	1173486	1173446
1404.000	12.000	trig5	1404000	118	1408.999	1408999	0	2850	0	4	4	6	0.1	0.4689955935892812	-0.017320213492450554	1177267	1177934	1180117	1176144	1176104
1416.000	12.000	trig5	1416000	119	1420.999	1420999	1	1100	4	4	0	4	1	0	0.44038337562957774	1181562	1182229	1182662	1184406	1185873
1428.000	12.000	trig5	1428000	120	1432.999	1432999	1	1150	-2	4	2	5	1	0	0.024828178990173477	1188810	1189476	1189960	1191494	1188080
1440.000	12.000	trig5	1440000	121	1444.999	1444999	1	1483	0	2	2	2	0.9	0.46899559358928117	0.014515748396903283	1194364	1195031	1195847	1197608	1199068
1452.000	12.000	trig5	1452000	122	1456.999	1456999	0	2183	0	4	4	6	0.1	0.4689955935892812	-0.017320213492450554	1202752	1203419	1204935	1201179	1201139
1464.000	12.000	trig5	1464000	123	1468.999	1468999	0	1633	0	0	2	10	0	0	-0.41555519663940427	1205665	1206331	1207298	1205175	1205135
1476.000	12.000	trig5	1476000	124	1480.999	1480999	0	1350	0	0	2	10	0	0	-0.41555519663940427	1208275	1208941	1209625	1207535	1207495
1488.000	12.000	trig5	1488000	125	1492.999	1492999	0	1083	0	0	4	11	0	0	-0.4577035891220283	1211195	1211862	1212278	1209872	1209832
1500.000	12.000	trig5	1500000	126	1504.999	1504999	1	2534	-2	2	2	2	0.9	0.46899559358928117	0.014515748396903283	1213079	1213746	1215613	1217373	1212483
1512.000	12.000	trig5	1512000	127	1516.999	1516999	1	1533	4	4	2	5	1	0	0.024828178990173477	1220358	1221024	1221891	1223651	1225083
1524.000	12.000	trig5	1524000	128	1528.999	1528999	1	1333	0	2	0	1	1	0	0.43007094503630755	1227872	1228539	1229205	1230949	1232409
1536.000	12.000	trig5	1536000	129	1540.999	1540999	1	1983	2	2	2	2	0.9	0.46899559358928117	0.014515748396903283	1235019	1235702	1237002	1238763	1240214
1548.000	12.000	trig5	1548000	130	1552.999	1552999	1	1166	0	4	0	4	1	0	0.44038337562957774	1243207	1243873	1244373	1246117	1247577
1560.000	12.000	trig5	1560000	131	1564.999	1564999	1	1100	2	2	0	1	1	0	0.43007094503630755	1250500	1251166	1251600	1253360	1254801
1572.000	12.000	trig5	1572000	132	1576.999	1576999	0	1183	0	0	4	11	0	0	-0.4577035891220283	1257739	1258406	1258922	1256866	1256826
1584.000	12.000	trig5	1584000	133	1588.999	1588999	1	2217	7	7	0	7	1	0	0.4488893011178219	1259789	1260456	1262006	1263766	1265039
1596.000	12.000	trig5	1596000	134	1600.999	1600999	0	2450	0	7	4	9	0.15	0.6098403047164004	-0.008814288004206416	1268123	1268790	1270573	1267250	1267210
1608.000	12.000	trig5	1608000	135	1612.999	1612999	0	950	0	0	2	10	0	0	-0.41555519663940427	1271949	1272616	1272899	1270826	1270786
1620.000	12.000	trig5	1620000	136	1624.999	1624999	0	1533	0	7	4	9	0.15	0.6098403047164004	-0.008814288004206416	1273831	1274497	1275364	1273141	1273101
1632.000	12.000	trig5	1632000	137	1636.999	1636999	1	733	7	7	0	7	1	0	0.4488893011178219	1276393	1277043	1277126	1278870	1280336
1644.000	12.000	trig5	1644000	138	1648.999	1648999	0	1050	0	2	4	3	0	0	-0.027632644085720748	1283161	1283811	1284211	1282388	1282348
1656.000	12.000	trig5	1656000	139	1660.999	1660999	1	884	2	2	0	1	1	0	0.43007094503630755	1285664	1286331	1286548	1288291	1289744
1668.000	12.000	trig5	1668000	140	1672.999	1672999	1	1417	0	4	2	5	1	0	0.024828178990173477	1292361	1293028	1293778	1295538	1296998
1680.000	12.000	trig5	1680000	141	1684.999	1684999	0	1750	0	4	4	6	0.1	0.4689955935892812	-0.017320213492450554	1299860	1300527	1301610	1299037	1298997
1692.000	12.000	trig5	1692000	142	1696.999	1696999	0	2050	0	4	4	6	0.1	0.4689955935892812	-0.017320213492450554	1302750	1303416	1304800	1301860	1301820
1704.000	12.000	trig5	1704000	143	1708.999	1708999	0	1317	0	0	4	11	0	0	-0.4577035891220283	1305690	1306357	1307007	1305034	1304994
1716.000	12.000	trig5	1716000	144	1720.999	1720999	1	1917	4	4	0	4	1	0	0.44038337562957774	1308221	1308888	1310138	1311882	1313339
1728.000	12.000	trig5	1728000	145	1732.999	1732999	1	850	7	7	0	7	1	0	0.4488893011178219	1316068	1316734	1316918	1318661	1320125
1740.000	12.000	trig5	1740000	146	1744.999	1744999	0	933	0	0	2	10	0	0	-0.41555519663940427	1323054	1323721	1323987	1322181	1322141
1752.000	12.000	trig5	1752000	147	1756.999	1756999	1	1067	-2	7	2	8	1	0	0.033334104478417614	1325184	1325851	1326251	1328047	1324188
1764.000	12.000	trig5	1764000	148	1768.999	1768999	0	2433	0	4	4	6	0.1	0.4689955935892812	-0.017320213492450554	1330810	1331460	1333243	1330037	1329997
1776.000	12.000	trig5	1776000	149	1780.999	1780999	1	1033	4	4	0	4	1	0	0.44038337562957774	1334333	1334999	1335366	1337110	1338576
1788.000	12.000	trig5	1788000	150	1792.999	1792999	1	783	0	7	2	8	1	0	0.033334104478417614	1341304	1341970	1342087	1343847	1345307
1800.000	12.000	trig5	1800000	151	1804.999	1804999	1	1316	-2	7	2	8	1	0	0.033334104478417614	1348630	1349296	1349946	1351713	1347300
1812.000	12.000	trig5	1812000	152	1816.999	1816999	1	1366	-4	7	4	9	0.15	0.6098403047164004	-0.008814288004206416	1354921	1355587	1356287	1358031	1353691
1824.000	12.000	trig5	1824000	153	1828.999	1828999	1	666	0	7	0	7	1	0	0.4488893011178219	1360681	1361347	1361347	1363108	1364568
1836.000	12.000	trig5	1836000	154	1840.999	1840999	1	1433	-2	4	2	5	1	0	0.024828178990173477	1367344	1368011	1368777	1370527	1366565
1848.000	12.000	trig5	1848000	155	1852.999	1852999	1	1000	2	2	0	1	1	0	0.43007094503630755	1373228	1373894	1374228	1375988	1377447
1860.000	12.000	trig5	1860000	156	1864.999	1864999	0	933	0	0	4	11	0	0	-0.4577035891220283	1380586	1381252	1381519	1379496	1379456
1872.000	12.000	trig5	1872000	157	1876.999	1876999	0	1433	0	2	4	3	0	0	-0.027632644085720748	1382384	1383051	1383817	1381761	1381721
1884.000	12.000	trig5	1884000	158	1888.999	1888999	0	1334	0	0	2	10	0	0	-0.41555519663940427	1384707	1385374	1386041	1384051	1384011
1896.000	12.000	trig5	1896000	159	1900.999	1900999	1	916	4	4	0	4	1	0	0.44038337562957774	1387127	1387793	1388043	1389787	1391250
1908.000	12.000	trig5	1908000	160	1912.999	1912999	1	783	0	7	0	7	1	0	0.4488893011178219	1394023	1394689	1394806	1396566	1398026
1920.000	12.000	trig5	1920000	161	1924.999	1924999	0	1650	0	7	4	9	0.15	0.6098403047164004	-0.008814288004206416	1400609	1401275	1402259	1400069	1400029
1932.000	12.000	trig5	1932000	162	1936.999	1936999	0	2066	0	2	2	2	0.9	0.46899559358928117	0.014515748396903283	1403556	1404222	1405622	1402516	1402476
1944.000	12.000	trig5	1944000	163	1948.999	1948999	0	1400	0	2	4	3	0	0	-0.027632644085720748	1406886	1407569	1408286	1405863	1405823
1956.000	12.000	trig5	1956000	164	1960.999	1960999	1	800	0	2	0	1	1	0	0.43007094503630755	1409565	1410231	1410365	1412108	1413568
1968.000	12.000	trig5	1968000	165	1972.999	1972999	1	1334	7	7	2	8	1	0	0.033334104478417614	1416387	1417054	1417721	1419464	1420943
1980.000	12.000	trig5	1980000	166	1984.999	1984999	1	1383	7	7	2	8	1	0	0.033334104478417614	1423617	1424284	1425000	1426761	1428218
1992.000	12.000	trig5	1992000	167	1996.999	1996999	0	1084	0	0	2	10	0	0	-0.41555519663940427	1430888	1431555	1431972	1430232	1430192
2004.000	12.000	trig5	2004000	168	2008.999	2008999	1	1884	-2	2	2	2	0.9	0.46899559358928117	0.014515748396903283	1432884	1433551	1434768	1436516	1432188
2016.000	12.000	trig5	2016000	169	2020.999	2020999	1	933	7	7	0	7	1	0	0.4488893011178219	1440514	1441181	1441447	1443208	1444666
2028.000	12.000	trig5	2028000	170	2032.999	2032999	0	1116	0	0	2	10	0	0	-0.41555519663940427	1447351	1448017	1448467	1446711	1446671
2040.000	12.000	trig5	2040000	171	2044.999	2044999	0	1117	0	0	4	11	0	0	-0.4577035891220283	1449660	1450327	1450777	1448704	1448664
2052.000	12.000	trig5	2052000	172	2056.999	2056999	0	1067	0	2	4	3	0	0	-0.027632644085720748	1451681	1452348	1452748	1451025	1450985
2064.000	12.000	trig5	2064000	173	2068.999	2068999	1	1066	0	4	0	4	1	0	0.44038337562957774	1453738	1454404	1454804	1456548	1458008
2076.000	12.000	trig5	2076000	174	2080.999	2080999	0	1516	0	2	4	3	0	0	-0.027632644085720748	1460526	1461192	1462042	1460036	1459996
2088.000	12.000	trig5	2088000	175	2092.999	2092999	0	1650	0	4	4	6	0.1	0.4689955935892812	-0.017320213492450554	1463394	1464061	1465044	1462288	1462248
2100.000	12.000	trig5	2100000	176	2104.999	2104999	1	1183	2	2	0	1	1	0	0.43007094503630755	1465917	1466584	1467100	1468844	1470309
2112.000	12.000	trig5	2112000	177	2116.999	2116999	0	1184	0	0	2	10	0	0	-0.41555519663940427	1472900	1473567	1474084	1472344	1472304
2124.000	12.000	trig5	2124000	178	2128.999	2128999	1	1584	4	4	0	4	1	0	0.44038337562957774	1474877	1475544	1476461	1478204	1479674
2136.000	12.000	trig5	2136000	179	2140.999	2140999	1	816	2	2	0	1	1	0	0.43007094503630755	1482603	1483269	1483419	1485163	1486650
2148.000	12.000	trig5	2148000	180	2152.999	2152999	0	2416	0	2	4	3	0	0	-0.027632644085720748	1489617	1490283	1492033	1488677	1488637
2160.000	12.000	trig5	2160000	181	2164.999	2164999	1	1283	7	7	0	7	1	0	0.4488893011178219	1492890	1493557	1494173	1495917	1497402
2172.000	12.000	trig5	2172000	182	2176.999	2176999	1	1367	2	2	2	2	0.9	0.46899559358928117	0.014515748396903283	1500017	1500684	1501384	1503127	1504593
2184.000	12.000	trig5	2184000	183	2188.999	2188999	1	1233	-2	4	2	5	1	0	0.024828178990173477	1507830	1508496	1509063	1510803	1506600
2196.000	12.000	trig5	2196000	184	2200.999	2200999	1	1466	0	2	0	1	1	0	0.43007094503630755	1514572	1515255	1516038	1517799	1519259
2208.000	12.000	trig5	2208000	185	2212.999	2212999	0	1866	0	2	4	3	0	0	-0.027632644085720748	1521701	1522367	1523567	1521311	1521271
2220.000	12.000	trig5	2220000	186	2224.999	2224999	1	1850	-2	7	2	8	1	0	0.033334104478417614	1524549	1525215	1526399	1528156	1523769
2232.000	12.000	trig5	2232000	187	2236.999	2236999	0	1766	0	7	4	9	0.15	0.6098403047164004	-0.008814288004206416	1530857	1531523	1532623	1530167	1530127
2244.000	12.000	trig5	2244000	188	2248.999	2248999	1	1000	-2	2	2	2	0.9	0.46899559358928117	0.014515748396903283	1533770	1534436	1534770	1536520	1532840
2256.000	12.000	trig5	2256000	189	2260.999	2260999	0	1683	0	4	4	6	0.1	0.4689955935892812	-0.017320213492450554	1539845	1540511	1541528	1538555	1538515
2268.000	12.000	trig5	2268000	190	2272.999	2272999	0	1483	0	0	2	10	0	0	-0.41555519663940427	1543097	1543764	1544580	1541774	1541734
2280.000	12.000	trig5	2280000	191	2284.999	2284999	0	1017	0	0	4	11	0	0	-0.4577035891220283	1545440	1546107	1546457	1544817	1544777
2292.000	12.000	trig5	2292000	192	2296.999	2296999	1	867	7	7	0	7	1	0	0.4488893011178219	1547750	1548417	1548617	1550361	1551823
2304.000	12.000	trig5	2304000	193	2308.999	2308999	1	1650	0	7	0	7	1	0	0.4488893011178219	1554431	1555098	1556081	1557825	1559301
2316.000	12.000	trig5	2316000	194	2320.999	2320999	1	1150	4	4	2	5	1	0	0.024828178990173477	1562436	1563102	1563586	1565346	1566803
2328.000	12.000	trig5	2328000	195	2332.999	2332999	0	3066	0	0	4	11	0	0	-0.4577035891220283	1569382	1570048	1572448	1568842	1568802
2340.000	12.000	trig5	2340000	196	2344.999	2344999	0	3117	0	4	4	6	0.1	0.4689955935892812	-0.017320213492450554	1573254	1573937	1576371	1572681	1572641
2352.000	12.000	trig5	2352000	197	2356.999	2356999	1	2033	0	4	0	4	1	0	0.44038337562957774	1577283	1577949	1579316	1581059	1582519
2364.000	12.000	trig5	2364000	198	2368.999	2368999	0	1250	0	0	4	11	0	0	-0.4577035891220283	1586172	1586839	1587422	1584566	1584526
2376.000	12.000	trig5	2376000	199	2380.999	2380999	0	1450	0	4	4	6	0.1	0.4689955935892812	-0.017320213492450554	1589263	1589930	1590713	1587657	1587617
2388.000	12.000	trig5	2388000	200	2392.999	2392999	1	1884	-2	4	2	5	1	0	0.024828178990173477	1591916	1592583	1593800	1595553	1590920
2400.000	12.000	trig5	2400000	201	2404.999	2404999	0	1150	0	0	2	10	0	0	-0.41555519663940427	1598260	1598927	1599410	1597587	1597547
2412.000	12.000	trig5	2412000	202	2416.999	2416999	1	2217	7	7	4	9	0.15	0.6098403047164004	-0.008814288004206416	1600180	1600847	1602397	1604140	1605428
2424.000	12.000	trig5	2424000	203	2428.999	2428999	1	1300	2	2	0	1	1	0	0.43007094503630755	1608381	1609048	1609681	1611441	1612902
2436.000	12.000	trig5	2436000	204	2440.999	2440999	1	1000	0	7	0	7	1	0	0.4488893011178219	1615384	1616034	1616384	1618145	1619605
2448.000	12.000	trig5	2448000	205	2452.999	2452999	1	2800	2	2	2	2	0.9	0.46899559358928117	0.014515748396903283	1622459	1623126	1625259	1627019	1628497
2460.000	12.000	trig5	2460000	206	2464.999	2464999	1	1550	0	2	2	2	0.9	0.46899559358928117	0.014515748396903283	1631198	1631865	1632748	1634492	1635952
2472.000	12.000	trig5	2472000	207	2476.999	2476999	1	1467	4	4	0	4	1	0	0.44038337562957774	1638638	1639305	1640105	1641849	1643325
2484.000	12.000	trig5	2484000	208	2488.999	2488999	1	3900	-2	4	2	5	1	0	0.024828178990173477	1645886	1646553	1649786	1651539	1645340
2496.000	12.000	trig5	2496000	209	2500.999	2500999	1	2134	0	7	2	8	1	0	0.033334104478417614	1654580	1655247	1656714	1658474	1659934
2508.000	12.000	trig5	2508000	210	2512.999	2512999	1	1467	-2	7	2	8	1	0	0.033334104478417614	1662612	1663279	1664079	1665850	1661916
2520.000	12.000	trig5	2520000	211	2524.999	2524999	0	1234	0	0	4	11	0	0	-0.4577035891220283	1668753	1669420	1669987	1667864	1667824
2532.000	12.000	trig5	2532000	212	2536.999	2536999	1	1183	4	4	0	4	1	0	0.44038337562957774	1670960	1671626	1672143	1673903	1675344
2544.000	12.000	trig5	2544000	213	2548.999	2548999	1	1250	-4	4	4	6	0.1	0.4689955935892812	-0.017320213492450554	1678338	1679004	1679588	1681359	1677358
2556.000	12.000	trig5	2556000	214	2560.999	2560999	1	2217	-4	7	4	9	0.15	0.6098403047164004	-0.008814288004206416	1683903	1684570	1686120	1687912	1683307
2568.000	12.000	trig5	2568000	215	2572.999	2572999	1	983	7	7	2	8	1	0	0.033334104478417614	1691007	1691673	1691990	1693734	1695208
2580.000	12.000	trig5	2580000	216	2584.999	2584999	0	3150	0	7	4	9	0.15	0.6098403047164004	-0.008814288004206416	1698016	1698683	1701166	1697243	1697203
2592.000	12.000	trig5	2592000	217	2596.999	2596999	1	1050	2	2	0	1	1	0	0.43007094503630755	1702140	1702806	1703190	1704934	1706427
2604.000	12.000	trig5	2604000	218	2608.999	2608999	1	1600	4	4	2	5	1	0	0.024828178990173477	1709386	1710053	1710986	1712730	1714192
2616.000	12.000	trig5	2616000	219	2620.999	2620999	0	2767	0	7	4	9	0.15	0.6098403047164004	-0.008814288004206416	1717261	1717928	1720028	1716238	1716198
2628.000	12.000	trig5	2628000	220	2632.999	2632999	0	1066	0	2	4	3	0	0	-0.027632644085720748	1721014	1721680	1722080	1720274	1720234
