name	x	y	z	size
E01	n/a	n/a	n/a	n/a
E02	n/a	n/a	n/a	n/a
E03	n/a	n/a	n/a	n/a
E04	n/a	n/a	n/a	n/a
E05	n/a	n/a	n/a	n/a
E06	n/a	n/a	n/a	n/a
E07	n/a	n/a	n/a	n/a
E08	n/a	n/a	n/a	n/a
E09	n/a	n/a	n/a	n/a
E10	n/a	n/a	n/a	n/a
E11	n/a	n/a	n/a	n/a
E12	n/a	n/a	n/a	n/a
E13	n/a	n/a	n/a	n/a
E14	n/a	n/a	n/a	n/a
E15	n/a	n/a	n/a	n/a
E16	n/a	n/a	n/a	n/a
E17	n/a	n/a	n/a	n/a
E18	n/a	n/a	n/a	n/a
E19	n/a	n/a	n/a	n/a
E20	n/a	n/a	n/a	n/a
E21	n/a	n/a	n/a	n/a
E22	n/a	n/a	n/a	n/a
E23	n/a	n/a	n/a	n/a
E24	n/a	n/a	n/a	n/a
E25	n/a	n/a	n/a	n/a
E26	n/a	n/a	n/a	n/a
E27	n/a	n/a	n/a	n/a
E28	n/a	n/a	n/a	n/a
E29	n/a	n/a	n/a	n/a
E30	n/a	n/a	n/a	n/a
E31	n/a	n/a	n/a	n/a
E32	n/a	n/a	n/a	n/a
E33	n/a	n/a	n/a	n/a
E34	n/a	n/a	n/a	n/a
E35	n/a	n/a	n/a	n/a
E36	n/a	n/a	n/a	n/a
E37	n/a	n/a	n/a	n/a
