name	type	units	low_cutoff	high_cutoff	sampling_frequency	reference	status	anatomical_info	array	lat_coor	med_coor	mid_coor	olf_coor	trans_coor	description
E01	SEEG	n/a	70	150	1000.0	bipolar	good	GO (VMPFC)	0	-31.212272727272726	-22.59955	-3.78	-8.76925641025641	19.978999999999992	authors' HFA (70-150 Hz) of the bipolar derivation, electrode index 1 in the release
E02	SEEG	n/a	70	150	1000.0	bipolar	good	G (VMPFC)	0	-33.782250000000005	-25.724263157894747	-0.49	-11.952880952380951	19.66899999999999	authors' HFA (70-150 Hz) of the bipolar derivation, electrode index 2 in the release
E03	SEEG	n/a	70	150	1000.0	bipolar	good	GW (VMPFC)	0	-18.255060606060603	-9.6760625	2.96	-1.420302325581396	19.358999999999995	authors' HFA (70-150 Hz) of the bipolar derivation, electrode index 3 in the release
E04	SEEG	n/a	70	150	1000.0	bipolar	good	W	1	-14.655060606060605	-6.0760625	6.56	2.1796976744186036	19.358999999999995	authors' HFA (70-150 Hz) of the bipolar derivation, electrode index 4 in the release
E05	SEEG	n/a	70	150	1000.0	bipolar	good	W	1	-11.205060606060604	-2.6260624999999997	10.01	5.629697674418604	18.189931034482765	authors' HFA (70-150 Hz) of the bipolar derivation, electrode index 5 in the release
E06	SEEG	n/a	70	150	1000.0	bipolar	good	G (med orb gyrus)	1	-7.294756756756756	1.323812499999999	13.62	9.73709090909091	14.187411764705885	authors' HFA (70-150 Hz) of the bipolar derivation, electrode index 6 in the release
E07	SEEG	n/a	70	150	1000.0	bipolar	good	GW (med orb gyrus)	1	-4.088315789473683	4.669448979591836	16.91	12.843393939393941	10.696148148148147	authors' HFA (70-150 Hz) of the bipolar derivation, electrode index 7 in the release
E08	SEEG	n/a	70	150	1000.0	bipolar	good	G (intmed orb sulcus)	1	-0.48831578947368115	8.269448979591838	20.51	16.443393939393943	10.586857142857149	authors' HFA (70-150 Hz) of the bipolar derivation, electrode index 8 in the release
E09	SEEG	n/a	70	150	1000.0	bipolar	good	G (ant orb gyrus)	1	3.1116842105263167	11.869448979591835	24.11	20.04339393939394	9.038745098039215	authors' HFA (70-150 Hz) of the bipolar derivation, electrode index 9 in the release
E10	SEEG	n/a	70	150	1000.0	bipolar	good	GW (ant orb gyrus)	1	6.419731707317069	15.302274509803924	27.41	23.303454545454546	5.008256410256408	authors' HFA (70-150 Hz) of the bipolar derivation, electrode index 10 in the release
E11	SEEG	n/a	70	150	1000.0	bipolar	good	W	1	9.709731707317069	18.59227450980392	30.7	26.593454545454545	5.940736842105267	authors' HFA (70-150 Hz) of the bipolar derivation, electrode index 11 in the release
E12	SEEG	n/a	70	150	1000.0	bipolar	good	W	1	12.566627906976738	21.963470588235296	34.3	30.032666666666664	5.441153846153853	authors' HFA (70-150 Hz) of the bipolar derivation, electrode index 12 in the release
E13	SEEG	n/a	70	150	1000.0	bipolar	good	GW (lat orb gyrus)	1	14.684863636363641	25.357333333333337	37.59	33.37365625	5.121153846153852	authors' HFA (70-150 Hz) of the bipolar derivation, electrode index 13 in the release
E14	SEEG	n/a	70	150	1000.0	bipolar	good	GW (lat ob gyrus)	1	18.29486363636364	28.967333333333336	41.2	36.98365625	5.121153846153852	authors' HFA (70-150 Hz) of the bipolar derivation, electrode index 14 in the release
E15	SEEG	n/a	70	150	1000.0	bipolar	good	GO (lat orb gyrus)	1	21.58486363636364	32.364360000000005	44.49	40.27244117647059	5.101153846153849	authors' HFA (70-150 Hz) of the bipolar derivation, electrode index 15 in the release
E16	SEEG	n/a	70	150	1000.0	bipolar	good	GW (PL OFC)	1	-21.698636363636364	-9.628666666666664	8.91	3.8442499999999997	4.342066666666668	authors' HFA (70-150 Hz) of the bipolar derivation, electrode index 16 in the release
E17	SEEG	n/a	70	150	1000.0	bipolar	good	GW (PL OFC)	1	-18.248636363636365	-6.178666666666665	12.36	7.294249999999999	2.0979836065573743	authors' HFA (70-150 Hz) of the bipolar derivation, electrode index 17 in the release
E18	SEEG	n/a	70	150	1000.0	bipolar	good	GW (PL OFC)	1	-14.798636363636364	-2.7286666666666637	15.81	10.08361111111111	-0.9826935483870969	authors' HFA (70-150 Hz) of the bipolar derivation, electrode index 18 in the release
E19	SEEG	n/a	70	150	1000.0	bipolar	good	GW (PL OFC)	1	-11.348636363636363	0.7213333333333374	19.26	13.533611111111114	-2.368025641025632	authors' HFA (70-150 Hz) of the bipolar derivation, electrode index 19 in the release
E20	SEEG	n/a	70	150	1000.0	bipolar	good	GW (PL OFC)	1	-7.748636363636365	10.152333333333331	22.86	16.701333333333334	-1.8371627906976684	authors' HFA (70-150 Hz) of the bipolar derivation, electrode index 20 in the release
E21	SEEG	n/a	70	150	1000.0	bipolar	good	GW (PL OFC)	1	-4.458636363636366	13.44233333333333	26.15	19.644891891891895	-4.934099999999994	authors' HFA (70-150 Hz) of the bipolar derivation, electrode index 21 in the release
E22	SEEG	n/a	70	150	1000.0	bipolar	good	GW (PL OFC)	1	-0.8486363636363627	17.052333333333333	29.76	23.213416666666667	-4.724694444444445	authors' HFA (70-150 Hz) of the bipolar derivation, electrode index 22 in the release
E23	SEEG	n/a	70	150	1000.0	bipolar	good	GW (PL OFC)	1	2.5913636363636385	20.147000000000002	33.2	26.614236842105267	-4.128846153846148	authors' HFA (70-150 Hz) of the bipolar derivation, electrode index 23 in the release
E24	SEEG	n/a	70	150	1000.0	bipolar	good	GW (PL OFC)	1	6.166999999999998	23.47233333333333	36.18	29.835054054054055	-3.18884615384615	authors' HFA (70-150 Hz) of the bipolar derivation, electrode index 24 in the release
E25	SEEG	n/a	70	150	1000.0	bipolar	good	G (VMPFC)	0	-31.02258064516129	-22.74907894736842	-3.15	-9.087249999999997	16.536130434782613	authors' HFA (70-150 Hz) of the bipolar derivation, electrode index 25 in the release
E26	SEEG	n/a	70	150	1000.0	bipolar	good	G (VMPFC)	0	-27.666142857142862	-19.763972222222222	-6.13	-6.042948717948719	15.816130434782615	authors' HFA (70-150 Hz) of the bipolar derivation, electrode index 26 in the release
E27	SEEG	n/a	70	150	1000.0	bipolar	good	GW (VMPFC)	0	-24.283882352941184	-16.0952972972973	-9.58	-2.557275000000004	15.536130434782613	authors' HFA (70-150 Hz) of the bipolar derivation, electrode index 27 in the release
E28	SEEG	n/a	70	150	1000.0	bipolar	good	W	2	-20.523882352941182	-12.335297297297299	-13.34	1.2027249999999956	15.536130434782613	authors' HFA (70-150 Hz) of the bipolar derivation, electrode index 28 in the release
E29	SEEG	n/a	70	150	1000.0	bipolar	good	W	2	-16.867571428571424	-8.560230769230767	-16.79	4.716368421052628	14.536130434782613	authors' HFA (70-150 Hz) of the bipolar derivation, electrode index 29 in the release
E30	SEEG	n/a	70	150	1000.0	bipolar	good	W	2	-13.427571428571422	-5.120230769230766	-20.23	8.15636842105263	14.776999999999997	authors' HFA (70-150 Hz) of the bipolar derivation, electrode index 30 in the release
E31	SEEG	n/a	70	150	1000.0	bipolar	good	GW (intmed orb sulcus)	2	-9.977571428571423	-1.6702307692307663	-23.68	11.606368421052629	15.154266666666672	authors' HFA (70-150 Hz) of the bipolar derivation, electrode index 31 in the release
E32	SEEG	n/a	70	150	1000.0	bipolar	good	W	2	-6.37661111111111	2.0726444444444425	-26.97	15.14820512820513	9.357417910447765	authors' HFA (70-150 Hz) of the bipolar derivation, electrode index 32 in the release
E33	SEEG	n/a	70	150	1000.0	bipolar	good	G (lat orb sulcus)	2	-2.4566111111111084	5.992644444444444	-30.89	19.068205128205133	7.835229508196726	authors' HFA (70-150 Hz) of the bipolar derivation, electrode index 33 in the release
E34	SEEG	n/a	70	150	1000.0	bipolar	good	W	2	1.153388888888891	9.602644444444444	-34.5	22.678205128205132	4.578526315789475	authors' HFA (70-150 Hz) of the bipolar derivation, electrode index 34 in the release
E35	SEEG	n/a	70	150	1000.0	bipolar	good	G (lat orb gyrus)	2	4.732049999999994	12.964543478260865	-37.94	25.89970731707317	3.020000000000003	authors' HFA (70-150 Hz) of the bipolar derivation, electrode index 35 in the release
E36	SEEG	n/a	70	150	1000.0	bipolar	good	GW (lat orb gyrus)	2	8.022049999999993	16.254543478260864	-41.23	29.189707317073168	3.020000000000003	authors' HFA (70-150 Hz) of the bipolar derivation, electrode index 36 in the release
E37	SEEG	n/a	70	150	1000.0	bipolar	good	W	2	11.825241379310349	20.044840000000008	-44.84	32.45278723404256	2.3900000000000006	authors' HFA (70-150 Hz) of the bipolar derivation, electrode index 37 in the release
