trial_type_trial_type	reward_trial_type	punishment_trial_type	p_approach_trial_type	conflict_trial_type	value_trial_type
1	2	0	0.95	0.2863969571159563	0.7757022299616749
2	2	2	0.05	0.28639695711595625	-0.6762813141659472
3	2	4	0.15	0.6098403047164004	-1.0570205953449214
4	4	0	1	0	1.4326522608750358
5	4	2	0.45	0.9927744539878084	-0.019331283252586262
6	4	4	0.15	0.6098403047164004	-0.4000705644315605
7	7	0	1	0	2.351024077272726
8	7	2	1	0	0.8990405331451041
9	7	4	0.8	0.7219280948873623	0.5183012519661299
10	0	2	0.05	0.28639695711595625	-1.451983544127622
11	0	4	0	0	-1.8327228253065964
